boundary_date,offset_days,maturity_date,cashflow_count,dirty_price,central_slope_per_year,second_difference
2028-05-15,-7,2028-05-08,5,100.88430539283222,,
2028-05-15,-6,2028-05-09,5,100.88504106293354,0.27026747072032009,9.5774451409624817E-06
2028-05-15,-5,2028-05-10,5,100.88578631048,0.27419288576929546,1.1931678415066926E-05
2028-05-15,-4,2028-05-11,5,100.88654348970488,0.27215401478457579,-2.3103574221750023E-05
2028-05-15,-3,2028-05-12,5,100.88727756535553,0.53370139461151211,0.0014562399020405792
2028-05-15,-2,2028-05-13,5,100.88946788090823,0.40311269295326468,-0.0021717944316748117
2028-05-15,-1,2028-05-14,5,100.88948640202925,0.0065225368850008181,-1.3023139047163568E-06
2028-05-15,0,2028-05-15,5,100.88950362083636,0.26577107460450833,0.0014218422466143465
2028-05-15,1,2028-05-16,6,100.8909426818901,0.39566291492175054,-0.00071010613528699196
2028-05-15,2,2028-05-17,6,100.89167163680854,0.26637239872975726,1.6649506733301678E-06
2028-05-15,3,2028-05-18,6,100.89240225667766,0.30923263354779351,0.0002331856510693342
2028-05-15,4,2028-05-19,6,100.89336606219784,0.61260228306977638,0.0014291137983661883
2028-05-15,5,2028-05-20,6,100.89575898151639,0.48065266045458799,-0.0021521254291343439
2028-05-15,6,2028-05-21,6,100.89599977540581,0.089657673843035468,9.6871463313163986E-06
2028-05-15,7,2028-05-22,6,100.89625025644156,,
2028-11-15,-7,2028-11-08,6,100.97115235097297,,
2028-11-15,-6,2028-11-09,6,100.97163353907722,0.17739269505806732,9.6385589500869173E-06
2028-11-15,-5,2028-11-10,6,100.97212436574041,0.35090305917147901,0.00094110316221929224
2028-11-15,-4,2028-11-11,6,100.97355629556583,0.26409900967752975,-0.0014167417895833978
2028-11-15,-3,2028-11-12,6,100.97357148360166,0.0090540807881467344,1.9235329915545663E-05
2028-11-15,-2,2028-11-13,6,100.97360590696741,0.09466698744461155,0.00044987648738015196
2028-11-15,-1,2028-11-14,6,100.97409020682053,0.17603610612987097,-4.0183028033879964E-06
2028-11-15,0,2028-11-15,6,100.97457048837086,0.30421555301010983,0.00070637143639373789
2028-11-15,1,2028-11-16,7,100.97575714135758,0.30354553929608841,-0.00071004274441577309
2028-11-15,2,2028-11-17,7,100.97623375159988,0.34150740924008716,0.00091805299068425938
2028-11-15,3,2028-11-18,7,100.97762841483286,0.30077078787776657,-0.0011412673543134133
2028-11-15,4,2028-11-19,7,100.97788181071154,0.094136843829915051,9.0265650101173378E-06
2028-11-15,5,2028-11-20,7,100.97814423315522,0.17567722180533707,0.00043777002663603071
2028-11-15,6,2028-11-21,7,100.97884442562554,0.25684420540212471,6.9805684148604996E-06
2028-11-15,7,2028-11-22,7,100.97955159866427,,
2029-05-15,-7,2029-05-08,7,101.04504052472376,,
2029-05-15,-6,2029-05-09,7,101.04528051208564,0.089365763631121808,9.7006933970078535E-06
2029-05-15,-5,2029-05-10,7,101.04553020014092,0.092857053623447428,9.4296627253243059E-06
2029-05-15,-4,2029-05-11,7,101.04578931785892,0.17245871129023982,0.00042674380394203126
2029-05-15,-3,2029-05-12,7,101.04647517938086,0.13145199200629065,-0.00065143815618284862
2029-05-15,-2,2029-05-13,7,101.04650960274662,0.010389489947542074,-1.1918019481527153E-05
2029-05-15,-1,2029-05-14,7,101.0465321080929,0.047807504815189361,0.000216948237934389
2029-05-15,0,2029-05-15,7,101.04677156167712,0.21668668952816716,0.00070841715775316061
2029-05-15,1,2029-05-16,8,101.04771943241909,0.21640171366197336,-0.0007099786693487431
2029-05-15,2,2029-05-17,8,101.0479573244917,0.086702472719721868,-7.0210293756645115E-07
2029-05-15,3,2029-05-18,8,101.04819451446139,0.20972500254853088,0.00067479815679405419
2029-05-15,4,2029-05-19,8,101.04910650258786,0.2143299290564471,-0.00064956568277807492
2029-05-15,5,2029-05-20,8,101.04936892503156,0.092575669461290033,-1.758094514059394E-05
2029-05-15,6,2029-05-21,8,101.04961376653011,0.13023504750048431,0.00022393370151974068
2029-05-15,7,2029-05-22,8,101.05008254173019,,
2029-11-15,-7,2029-11-08,8,101.04417613290043,,
2029-11-15,-6,2029-11-09,8,101.04418861725651,0.00075015904027253555,-2.0858251659205962E-05
2029-11-15,-5,2029-11-10,8,101.04418024336093,0.0061389007150935981,5.0385603302061099E-05
2029-11-15,-4,2029-11-11,8,101.04422225506865,0.013975644468899873,-7.4445416373691842E-06
2029-11-15,-3,2029-11-12,8,101.04425682223473,0.012590772058906907,-1.4380033519501012E-07
2029-11-15,-2,2029-11-13,8,101.04429124560048,0.0085487122201044485,-2.2004472754133531E-05
2029-11-15,-1,2029-11-14,8,101.04430366449347,0.0045179608168410823,-8.1836304843818652E-08
2029-11-15,0,2029-11-15,8,101.04431600155016,0.13421395321408625,0.00071074480834454334
2029-11-15,1,2029-11-16,9,101.04503908341519,0.13059046225837534,-0.00073059955330734283
2029-11-15,2,2029-11-17,9,101.04503156572692,0.0028095709312481176,3.0430285761440246E-05
2029-11-15,3,2029-11-18,9,101.0450544783244,0.053295642725075254,0.00024620572406774954
2029-11-15,4,2029-11-19,9,101.04532359664596,0.095379655798062402,-1.5608392160970652E-05
2029-11-15,5,2029-11-20,9,101.04557710657535,0.088853147948739775,-2.0153294684632783E-05
2029-11-15,6,2029-11-21,9,101.04581046321006,0.084393995008298361,-4.2804200575119467E-06
2029-11-15,7,2029-11-22,9,101.04603953942471,,
2030-05-15,-7,2030-05-08,9,101.03536124540022,,
2030-05-15,-6,2030-05-09,9,101.03516018333391,-0.073224171844366026,8.957937467357624E-07
2030-05-15,-5,2030-05-10,9,101.03496001706135,-0.14963265109649626,-0.00041957239238854527
2030-05-15,-4,2030-05-11,9,101.0343402783964,-0.10679379854625637,0.00065430583101999673
2030-05-15,-3,2030-05-12,9,101.03437484556247,0.012590772056313426,-1.4380032098415541E-07
2030-05-15,-2,2030-05-13,9,101.03440926892821,-0.030364846069943496,-0.00023522944968590309
2030-05-15,-1,2030-05-14,9,101.03420846284428,-0.073297425679577088,-1.7561873733029643E-08
2030-05-15,0,2030-05-15,9,101.03400763919846,0.056873389129208363,0.00071328230055200947
2030-05-15,1,2030-05-16,10,101.0345200978532,0.056951807959606526,-0.00071285260833064967
2030-05-15,2,2030-05-17,10,101.03431970389961,-0.15314196616291298,-0.0004383461539845257
2030-05-15,3,2030-05-18,10,101.03368096379204,-0.067455975948824687,0.00090785842913021497
2030-05-15,4,2030-05-19,10,101.03395008211359,0.097695958850785303,-2.9163206392013308E-06
2030-05-15,5,2030-05-20,10,101.03421628411451,0.052790564647651195,-0.00024314063389851981
2030-05-15,6,2030-05-21,10,101.03423934548152,0.010406890602183694,1.0901324060341722E-05
2030-05-15,7,2030-05-22,10,101.0342733081726,,
2030-11-15,-7,2030-11-08,10,100.95709780544421,,
2030-11-15,-6,2030-11-09,10,100.95541787244028,-0.30146833984201038,0.00170798469365252
2030-11-15,-5,2030-11-10,10,100.95544592413,0.016834599298007902,3.6141000265388357E-05
2030-11-15,-4,2030-11-11,10,100.95551011681999,0.018023673728073675,-2.9625523936260834E-05
2030-11-15,-3,2030-11-12,10,100.95554468398605,-0.065215812528727213,-0.00042648125007360704
2030-11-15,-2,2030-11-13,10,100.95515276990203,-0.14438228892558413,-7.3076616899925284E-06
2030-11-15,-1,2030-11-14,10,100.95475354815632,-0.1457072123145764,4.7807503733565682E-08
2030-11-15,0,2030-11-15,10,100.95435437421811,-0.16878388445061177,-0.00012649532605735203
2030-11-15,1,2030-11-16,11,100.95382870495385,-0.091302964538542142,0.00055104831187691161
2030-11-15,2,2030-11-17,11,100.95385408400146,0.011526693502652563,1.2401869170730606E-05
2030-11-15,3,2030-11-18,11,100.95389186491825,-0.020573707013618048,-0.00018829447473933669
2030-11-15,4,2030-11-19,11,100.95374135136029,-0.055912835959119889,-5.3445879757418879E-06
2030-11-15,5,2030-11-20,11,100.95358549321436,-0.059878762584162359,-1.6386516819011376E-05
2030-11-15,6,2030-11-21,11,100.95341324855161,-0.060867698060640407,1.0967692290364539E-05
2030-11-15,7,2030-11-22,11,100.95325197158115,,
2031-05-15,-7,2031-05-08,11,100.87597525373587,,
2031-05-15,-6,2031-05-09,11,100.8753807847317,-0.43625373373444631,-0.0012014934093826923
2031-05-15,-5,2031-05-10,11,100.87358482231815,-0.31604797455276668,0.0018601551035288821
2031-05-15,-4,2031-05-11,11,100.87364901500813,0.018023673733260637,-2.9625523879417415E-05
2031-05-15,-3,2031-05-12,11,100.87368358217422,-0.098882818518113424,-0.00061095799530619388
2031-05-15,-2,2031-05-13,11,100.87310719134501,-0.21170456660627224,-7.2433640809776989E-06
2031-05-15,-1,2031-05-14,11,100.87252355715172,-0.21300602270361679,1.1209779415821686E-07
2031-05-15,0,2031-05-15,11,100.87194003505623,-0.082437761897722339,0.00071533042716964701
2031-05-15,1,2031-05-16,12,100.8720718433879,-0.30096835551166379,-0.0019127583373830248
2031-05-15,2,2031-05-17,12,100.87029089338219,-0.31812835873147094,0.0018187309224799719
2031-05-15,3,2031-05-18,12,100.87032867429896,0.056647871371779956,0.00023483746164743025
2031-05-15,4,2031-05-19,12,100.87060129267738,-0.011772518221384587,-0.00060974370599353733
2031-05-15,5,2031-05-20,12,100.8702641673498,-0.1260294098239001,-1.6321453472301073E-05
2031-05-15,6,2031-05-21,12,100.86991072056875,-0.12699459862339779,1.1032747721628766E-05
2031-05-15,7,2031-05-22,12,100.86956830653543,,
2031-11-15,-7,2031-11-08,12,100.72944650134542,,
2031-11-15,-6,2031-11-09,12,100.72946618213142,0.011812412548977136,2.5363976220660334E-05
2031-11-15,-5,2031-11-10,12,100.72951122689364,-0.26578568368030631,-0.0015464494350112545
2031-11-15,-4,2031-11-11,12,100.72800982222084,-0.26769784497489013,0.0015359718388765486
2031-11-15,-3,2031-11-12,12,100.72804438938692,-0.12975329479424147,-0.00078011128994148748
2031-11-15,-2,2031-11-13,12,100.72729884526306,-0.27343376856300949,-7.1789772846386768E-06
2031-11-15,-1,2031-11-14,12,100.72654612216192,-0.55692320074964385,-0.0015461877744229469
2031-11-15,0,2031-11-15,12,100.72424721128635,-0.28466843849269452,0.0030379946908993816
2031-11-15,1,2031-11-16,13,100.72498629510169,0.14206449977713476,-0.00069973201544826225
2031-11-15,2,2031-11-17,13,100.72502564690157,-0.12670463569815382,-0.00077297557619715462
2031-11-15,3,2031-11-18,13,100.72429202312526,-0.22533061705338753,0.00023255924000409323
2031-11-15,4,2031-11-19,13,100.72379095858895,-0.183229289426734,-1.867033830649234E-06
2031-11-15,5,2031-11-20,13,100.72328802701881,-0.18653683651450592,-1.625651185577226E-05
2031-11-15,6,2031-11-21,13,100.72276883893682,-0.47219095803548328,-0.0015489715512728708
2031-11-15,7,2031-11-22,13,100.72070067930355,,
2032-05-15,-7,2032-05-08,13,100.57572982470985,,
2032-05-15,-6,2032-05-09,13,100.57574950549584,0.011812412546383655,2.5363976234871188E-05
2032-05-15,-5,2032-05-10,13,100.57579455025805,-0.15077371993417188,-0.00091624689393654535
2032-05-15,-4,2032-05-11,13,100.57492334812633,-0.32437264333157856,-3.498008358349125E-05
2032-05-15,-3,2032-05-12,13,100.57401716591103,-0.32976025372480677,5.4589307438845935E-06
2032-05-15,-2,2032-05-13,13,100.57311644262647,-0.33006269626529416,-7.1161501438155028E-06
2032-05-15,-1,2032-05-14,13,100.57220860319177,-0.66903382133105538,-0.0018502598776137802
2032-05-15,0,2032-05-15,13,100.56945050387945,-0.36847032819697034,0.0034971831276635612
2032-05-15,1,2032-05-16,14,100.5701895876948,0.14206449977713476,-0.00069973201547668396
2032-05-15,2,2032-05-17,14,100.57022893949467,-0.15443964836936885,-0.00092494824833977418
2032-05-15,3,2032-05-18,14,100.5693433430462,-0.2807891122228412,0.00023262241900567915
2032-05-15,4,2032-05-19,14,100.56869036901674,-0.23866472606307809,-1.8038647056073387E-06
2032-05-15,5,2032-05-20,14,100.56803559112257,-0.24194921821230508,-1.6193352550430973E-05
2032-05-15,6,2032-05-21,14,100.56736461987585,-0.58292352696074801,-0.0018521590241533659
2032-05-15,7,2032-05-22,14,100.56484148960497,,
2032-11-15,-7,2032-11-08,14,100.37650894414988,,
2032-11-15,-6,2032-11-09,14,100.37544764009913,-0.38313869631803499,2.3217984690404592E-05
2032-11-15,-5,2032-11-10,14,100.37440955403306,-0.57225944785162852,-0.0010594960752854377
2032-11-15,-4,2032-11-11,14,100.37231197189172,-0.37554841236939751,0.0021373647628593062
2032-11-15,-3,2032-11-12,14,100.37235175451323,-0.58015678208246158,-0.003258506514711712
2032-11-15,-2,2032-11-13,14,100.36913303062003,-0.57988744707735407,0.0032599823229588765
2032-11-15,-1,2032-11-14,14,100.36917428904979,0.016385891979560085,7.2688499557216346E-06
2032-11-15,0,2032-11-15,14,100.36922281632951,-0.050610870150720189,-0.0003743743958750656
2032-11-15,1,2032-11-16,15,100.36889696921335,-0.2470232420017382,-0.00070185777865106047
2032-11-15,2,2032-11-17,15,100.36786926431854,-0.37417260049270595,5.148965001922079E-06
2032-11-15,3,2032-11-18,15,100.36684670838874,-0.33076801358621566,0.00023268438791035351
2032-11-15,4,2032-11-19,15,100.36605683684684,-0.68018825769648572,-0.0021473158624871758
2032-11-15,5,2032-11-20,15,100.36311964944245,-0.48762728559765378,0.0032024444767273508
2032-11-15,6,2032-11-21,15,100.3633849065148,0.10012006880000257,1.8088972026930605E-05
2032-11-15,7,2032-11-22,15,100.36366825255917,,
2033-05-15,-7,2033-05-08,15,100.18101448272537,,
2033-05-15,-6,2033-05-09,15,100.18103664755068,-0.20869533195089218,-0.0011878657161048523
2033-05-15,-5,2033-05-10,15,100.17987094665989,-0.42085440705687205,2.5350236072085863E-05
2033-05-15,-4,2033-05-11,15,100.17873059600517,-0.42209527086953358,-3.2149489840094247E-05
2033-05-15,-3,2033-05-12,15,100.1775580958606,-0.42815385350142066,-1.0482232113417922E-06
2033-05-15,-2,2033-05-13,15,100.17638454749283,-0.86721440394995852,-0.0024047630121231123
2033-05-15,-1,2033-05-14,15,100.17280623611293,-0.64418559828038013,0.0036268386596276514
2033-05-15,0,2033-05-15,15,100.17285476339266,0.14427557927383816,0.00069349655984751735
2033-05-15,1,2033-05-16,16,100.17359678723224,-0.074827511273234393,-0.0018940614395575039
2033-05-15,2,2033-05-17,16,100.17244474963226,-0.41954318698341098,5.2084219674952692E-06
2033-05-15,3,2033-05-18,16,100.17129792045425,-0.37611690030740164,0.00023274383379146002
2033-05-15,4,2033-05-19,16,100.17038383511003,-0.33473962996101392,-6.0190647701574562E-06
2033-05-15,5,2033-05-20,16,100.16946373070104,-0.77415975650882984,-0.0024017624505603408
2033-05-15,6,2033-05-21,16,100.16614186384149,-0.55453004876799383,0.0036052129039347847
2033-05-15,7,2033-05-22,16,100.16642520988587,,
2033-11-15,-7,2033-11-08,16,99.935525187721183,,
2033-11-15,-6,2033-11-09,16,99.934221265749869,-0.4712588206951196,2.5603829229225994E-05
2033-11-15,-5,2033-11-10,16,99.932942947607785,-1.1909754658067229,-0.0039692566791558193
2033-11-15,-4,2033-11-11,16,99.927695372786545,-0.94909262590405774,0.0052946421032800117
2033-11-15,-3,2033-11-12,16,99.927742440068585,0.016905140544025699,-1.5036569891435647E-06
2033-11-15,-2,2033-11-13,16,99.927788003693635,0.017867169972767272,6.7750511192343765E-06
2033-11-15,-1,2033-11-14,16,99.927840342369805,-0.22418451083535018,-0.001333085630889741
2033-11-15,0,2033-11-15,16,99.926559595415085,-0.3363845285610978,0.00071829101321441158
2033-11-15,1,2033-11-16,17,99.92599713947358,-0.33285608079154372,-0.00069895705283329335
2033-11-15,2,2033-11-17,17,99.924735726479241,-0.45945463671149156,5.2663354637161319E-06
2033-11-15,3,2033-11-18,17,99.923479579820366,-0.89401448195481237,-0.0023864161724134192
2033-11-15,4,2033-11-19,17,99.919837016989078,-0.61356435899963202,0.0039231291749075581
2033-11-15,5,2033-11-20,17,99.920117583332697,0.1018160913940136,-3.2362960382670281E-06
2033-11-15,6,2033-11-21,17,99.920394913380278,-0.13630790876497656,-0.0013015527459288023
2033-11-15,7,2033-11-22,17,99.91937069068193,,
2034-05-15,-7,2034-05-08,17,99.699946309198822,,
2034-05-15,-6,2034-05-09,17,99.698541352018026,-0.50812657571913888,2.5659152171897404E-05
2034-05-15,-5,2034-05-10,17,99.697162053989402,-0.50106431686394615,1.3038156623679242E-05
2034-05-15,-4,2034-05-11,17,99.695795794117402,-0.50105390134316252,-1.2981085276919657E-05
2034-05-15,-3,2034-05-12,17,99.694416553160124,-1.0264009617188208,-0.002865632944178742
2034-05-15,-2,2034-05-13,17,99.690171679258668,-0.76513767861470683,0.0042972125776259418
2034-05-15,-1,2034-05-14,17,99.690224017934838,0.018788838817904718,-1.7248108719059019E-06
2034-05-15,0,2034-05-15,17,99.690274631800136,-0.11127547457750353,-0.00071095635841800231
2034-05-15,1,2034-05-16,18,99.689614289307016,-0.36857462285627918,-0.00069890198831501493
2034-05-15,2,2034-05-17,18,99.688255044825581,-0.49515308239001854,5.3213881301417132E-06
2034-05-15,3,2034-05-18,18,99.686901121732276,-0.45253551162581118,0.00022819954756414518
2034-05-15,4,2034-05-19,18,99.685775398186536,-0.9239539252855522,-0.0028113141429599864
2034-05-15,5,2034-05-20,18,99.681838360497835,-0.66789664450176645,0.0042143677362957987
2034-05-15,6,2034-05-21,18,99.68211569054543,0.10280528776949183,8.6565501220547958E-06
2034-05-15,7,2034-05-22,18,99.682401677143147,,
2034-11-15,-7,2034-11-08,18,99.417461479479755,,
2034-11-15,-6,2034-11-09,18,99.415969830329828,-0.53975938962285142,2.5712603289207436E-05
2034-11-15,-5,2034-11-10,18,99.414503893783191,-1.0876912241767656,-0.0030280788200229836
2034-11-15,-4,2034-11-11,18,99.410009878416531,-0.8100998811152138,0.004549127275154774
2034-11-15,-3,2034-11-12,18,99.410064990325026,0.020079506983563533,-1.9912118887077668E-07
2034-11-15,-2,2034-11-13,18,99.410119903112331,-0.25754659943945768,-0.001521039818115355
2034-11-15,-1,2034-11-14,18,99.408653776081522,-0.53578765488936142,-3.5687048978161329E-06
2034-11-15,0,2034-11-15,18,99.407184080345814,-0.4039934292977776,0.00072572884512567271
2034-11-15,1,2034-11-16,19,99.406440113455233,-0.39908784185669788,-0.00069884891394167425
2034-11-15,2,2034-11-17,19,99.404997297650709,-1.0709081084406691,-0.0029823580262444693
2034-11-15,3,2034-11-18,19,99.400572123819941,-0.75558485550388355,0.0047101566724734312
2034-11-15,4,2034-11-19,19,99.400857106661647,0.10525095629652981,6.7518853370529541E-06
2034-11-15,5,2034-11-20,19,99.401148841388689,-0.16838693388876891,-0.0015061375849825254
2034-11-15,6,2034-11-21,19,99.39993443853075,-0.44200995432490231,6.833363414671112E-06
2034-11-15,7,2034-11-22,19,99.398726869036224,,
2035-05-15,-7,2035-05-08,19,99.149934679187311,,
2035-05-15,-6,2035-05-09,19,99.148366700957723,-0.56761029289962295,2.5763073423945571E-05
2035-05-15,-5,2035-05-10,19,99.146824485801559,-0.56164767910097169,6.9087830070202472E-06
2035-05-15,-4,2035-05-11,19,99.145289179428403,-1.1431280660570664,-0.0031931026841363064
2035-05-15,-3,2035-05-12,19,99.14056077037111,-0.85291306927008037,0.0047833218446129422
2035-05-15,-2,2035-05-13,19,99.14061568315843,0.019890264050168582,-8.3782641979723849E-07
2035-05-15,-1,2035-05-14,19,99.14066975811933,-0.2722256170055104,-0.0015997971382688547
2035-05-15,0,2035-05-15,19,99.139124035941961,-0.43126134852759179,0.00072836847239443614
2035-05-15,1,2035-05-16,20,99.138306682236987,-0.42586489886907941,-0.00069879888522450528
2035-05-15,2,2035-05-17,20,99.136790529646788,-0.55330222463020107,5.121687252085394E-07
2035-05-15,3,2035-05-18,20,99.135274889225315,-1.0817048992914735,-0.0028958692901568384
2035-05-15,4,2035-05-19,20,99.130863379513684,-0.75185893468987075,0.0047032444386587713
2035-05-15,5,2035-05-20,20,99.131155114240713,0.10428851362771496,-1.2025543767890667E-05
2035-05-15,6,2035-05-21,20,99.131434823423973,-0.18267285282430379,-0.0015603655052842669
2035-05-15,7,2035-05-22,20,99.130154167101949,,
2035-11-15,-7,2035-11-08,20,98.840753661225619,,
2035-11-15,-6,2035-11-09,20,98.83912282408528,-1.5003635939734039,-0.0049594960972569879
2035-11-15,-5,2035-11-10,20,98.832532490847683,-1.1909882172862041,0.0066547036407484939
2035-11-15,-4,2035-11-11,20,98.832596861250835,0.023955062526574977,2.5198102804324662E-06
2035-11-15,-3,2035-11-12,20,98.832663751464267,0.02222904763726774,-1.1977426112252942E-05
2035-11-15,-2,2035-11-13,20,98.832718664251587,-0.28313799790335992,-0.0016612666590418712
2035-11-15,-1,2035-11-14,20,98.831112310379865,-0.58667281687981188,-1.9378285003313067E-06
2035-11-15,0,2035-11-15,20,98.829504018679643,-0.45361745339700832,0.00073100831333761107
2035-11-15,1,2035-11-16,21,98.828626735292758,-1.0425669819905536,-0.0039581290179597772
2035-11-15,2,2035-11-17,21,98.823791322887914,-0.87250653539776124,0.0048899670814819274
2035-11-15,3,2035-11-18,21,98.823845877564551,0.063844400858208417,0.00024072298019461869
2035-11-15,4,2035-11-19,21,98.824141155221383,-0.1898867306678298,-0.0016310305502003075
2035-11-15,5,2035-11-20,21,98.822805402328015,-0.49005100039114069,-1.3705174310985058E-05
2035-11-15,6,2035-11-21,21,98.821455944260336,-0.78860131432563207,-0.0016221869568369129
2035-11-15,7,2035-11-22,21,98.81848429923582,,
2036-05-15,-7,2036-05-08,21,98.540330693299808,,
2036-05-15,-6,2036-05-09,21,98.538646784948966,-1.2360803599660386,-0.0034052263666239924
2036-05-15,-5,2036-05-10,21,98.533557650231501,-0.91701948736226058,0.0051535051206172966
2036-05-15,-4,2036-05-11,21,98.533622020634652,0.023955062523981496,2.5198102662216115E-06
2036-05-15,-3,2036-05-12,21,98.53368891084807,-0.29039895680220695,-0.0017250075873960213
2036-05-15,-2,2036-05-13,21,98.532030793474092,-0.60541015494880668,-1.0811695716483882E-06
2036-05-15,-1,2036-05-14,21,98.530371594930543,-0.6059528601794284,-1.8925577194295329E-06
2036-05-15,0,2036-05-15,21,98.528710503829274,-0.47244594576891785,0.00073343729421537773
2036-05-15,1,2036-05-16,22,98.52778285002222,-1.0792883821338961,-0.0040586013290919709
2036-05-15,2,2036-05-17,22,98.522796594886074,-0.90003533386543211,0.0050408098127547873
2036-05-15,3,2036-05-18,22,98.522851149562683,0.063844400855614936,0.00024072298023725125
2036-05-15,4,2036-05-19,22,98.52314642721953,-0.19904666884837496,-0.0016812219923139082
2036-05-15,5,2036-05-20,22,98.521760482884062,-0.5083627165380733,-1.3660460780329231E-05
2036-05-15,6,2036-05-21,22,98.520360878087814,-0.5092193911547227,8.9663532918393685E-06
2036-05-15,7,2036-05-22,22,98.518970239644858,,
2036-11-15,-7,2036-11-08,22,98.209141714050304,,
2036-11-15,-6,2036-11-09,22,98.209173669460938,0.015750117513029238,2.2391192501913793E-05
2036-11-15,-5,2036-11-10,22,98.209228016064074,-0.61902386542666221,-0.003500604797650908
2036-11-15,-4,2036-11-11,22,98.205781757869559,-0.61673465655278648,0.0035131484079187203
2036-11-15,-3,2036-11-12,22,98.205848648082963,-0.29789950892297412,-0.0017661065030978307
2036-11-15,-2,2036-11-13,22,98.204149431793269,-0.62040345817329978,-1.0384243012140359E-06
2036-11-15,-1,2036-11-14,22,98.202449177079274,-1.2494250151846131,-0.0034456550387744755
2036-11-15,0,2036-11-15,22,98.197303267326504,-0.8011930689455582,0.0059017204976186122
2036-11-15,1,2036-11-16,23,98.198059078071353,0.14888011659362377,-0.0006958400289107658
2036-11-15,2,2036-11-17,23,98.198119048787291,-0.29293663848154239,-0.0017250736975285008
2036-11-15,3,2036-11-18,23,98.1964539458057,-0.56411218308451083,0.00023918030244374222
2036-11-15,4,2036-11-19,23,98.195028023126554,-0.52021714469795199,1.340455838771959E-06
2036-11-15,5,2036-11-20,23,98.193603440903246,-0.5224578622463838,-1.3618360213740743E-05
2036-11-15,6,2036-11-21,23,98.192165240319724,-1.1528219879106771,-0.0034404316434262228
2036-11-15,7,2036-11-22,23,98.187286608092776,,
2037-05-15,-7,2037-05-08,23,97.906045667666234,,
2037-05-15,-6,2037-05-09,23,97.900713998954828,-0.96311128475672803,0.0053860153145564027
2037-05-15,-5,2037-05-10,23,97.900768345557978,0.021661733384270576,1.0001223202493748E-05
2037-05-15,-4,2037-05-11,23,97.900832693384331,-0.30247215297517727,-0.0017860773128433038
2037-05-15,-3,2037-05-12,23,97.89911096389784,-0.63046061461236036,-1.111973722345283E-05
2037-05-15,-2,2037-05-13,23,97.897378114674126,-0.6326722359339243,-9.9873577141806891E-07
2037-05-15,-1,2037-05-14,23,97.89564426671464,-0.63413719185714257,-7.0284199722436824E-06
2037-05-15,0,2037-05-15,23,97.893903390335183,-1.1386661147739829,-0.0027575136234077036
2037-05-15,1,2037-05-16,24,97.889405000332317,-0.81001151986423992,0.0045583607188035558
2037-05-15,2,2037-05-17,24,97.889464971048255,0.021249612963423203,-3.5051964601962027E-06
2037-05-15,3,2037-05-18,24,97.889521436567733,-0.2556327540965242,-0.0015136584586628032
2037-05-15,4,2037-05-19,24,97.888064243628548,-0.53162365983443038,1.3795231126323415E-06
2037-05-15,5,2037-05-20,24,97.886608430212476,-0.53385012001939458,-1.3579304948052595E-05
2037-05-15,6,2037-05-21,24,97.885139037491456,-0.53564192334405902,3.7612045389323612E-06
2037-05-15,7,2037-05-22,24,97.883673405974974,,
2037-11-15,-7,2037-11-08,24,97.565459579530227,,
2037-11-15,-6,2037-11-09,24,97.565497761844455,-0.31366821489974939,-0.0017950945731115553
2037-11-15,-5,2037-11-10,24,97.563740849585571,-0.97078639385912879,-0.0018055529828302497
2037-11-15,-4,2037-11-11,24,97.560178384343857,-0.6373645587389376,0.0036325219423929411
2037-11-15,-3,2037-11-12,24,97.560248441044536,-0.30752918962235753,-0.0018252048513431873
2037-11-15,-2,2037-11-13,24,97.558493292893871,-1.2962400658932083,-0.0035923889912368168
2037-11-15,-1,2037-11-14,24,97.55314575575197,-0.96623373386428568,0.0054006428653678995
2037-11-15,0,2037-11-15,24,97.553198861475437,0.14921341159887191,0.00071139628785488185
2037-11-15,1,2037-11-16,25,97.553963363486758,-0.17316915896522289,-0.0024778761265622506
2037-11-15,2,2037-11-17,25,97.552249989371518,-0.6262792011452234,-4.9186251089849975E-06
2037-11-15,3,2037-11-18,25,97.550531696631168,-0.58318906742307774,0.00024102894687416665
2037-11-15,4,2037-11-19,25,97.549054432837693,-0.53894285571708167,1.4160487751269102E-06
2037-11-15,5,2037-11-20,25,97.547578585092992,-1.1900626653490676,-0.0035691958275805291
2037-11-15,6,2037-11-21,25,97.542533541520712,-0.86731664548523213,0.0053376671693001754
2037-11-15,7,2037-11-22,25,97.542826165117731,,
2038-05-15,-7,2038-05-08,25,97.248170322066429,,
2038-05-15,-6,2038-05-09,25,97.248208504380671,0.017044560342434067,1.7030222707603571E-05
2038-05-15,-5,2038-05-10,25,97.24826371691762,-0.31239469069376469,-0.0018221768037278707
2038-05-15,-4,2038-05-11,25,97.246496752650842,-0.64326875374298709,9.1682390745972953E-06
2038-05-15,-3,2038-05-12,25,97.244738956623138,-0.64405502493119826,-1.3476574352466741E-05
2038-05-15,-2,2038-05-13,25,97.242967684021082,-0.64781138906500502,-7.1062428190771243E-06
2038-05-15,-1,2038-05-14,25,97.241189305176206,-1.3012058317071862,-0.0035731372785079429
2038-05-15,0,2038-05-15,25,97.235837789052823,-0.83713007544606199,0.0061160181347332809
2038-05-15,1,2038-05-16,26,97.236602291064173,0.15077700263532279,-0.00070282866579418624
2038-05-15,2,2038-05-17,26,97.236663964409729,-0.30490346511705013,-0.0017940506095612818
2038-05-15,3,2038-05-18,26,97.234931587145724,-0.5883237813181097,0.00024106257558287325
2038-05-15,4,2038-05-19,26,97.233440272457301,-0.54406529724193575,1.4496659304086279E-06
2038-05-15,5,2038-05-20,26,97.231950407434809,-0.5472434394370751,-1.8864143711994075E-05
2038-05-15,6,2038-05-21,26,97.230441678268605,-1.2018315941668334,-0.0035679202657661335
2038-05-15,7,2038-05-22,26,97.225365028836634,,
2038-11-15,-7,2038-11-08,26,96.908363443352016,,
2038-11-15,-6,2038-11-09,26,96.906567858391611,-0.65251953821945818,1.5720396319807151E-05
2038-11-15,-5,2038-11-10,26,96.904787993827526,-0.98357662314921157,-0.0018297318205924284
2038-11-15,-4,2038-11-11,26,96.901178397442848,-0.6454503760884478,0.0036824783798294902
2038-11-15,-3,2038-11-12,26,96.901251279438,-0.98183472625176904,-0.0055256802985326203
2038-11-15,-2,2038-11-13,26,96.895798481134619,-0.98529460944870806,0.0055067220344398038
2038-11-15,-1,2038-11-14,26,96.895852404865678,0.020821688764200985,6.2439831651772693E-06
2038-11-15,0,2038-11-15,26,96.895912572579903,-0.17681180781973893,-0.0010891672521182727
2038-11-15,1,2038-11-16,27,96.894883573042009,-0.50408694349005856,-0.00070412116251361567
2038-11-15,2,2038-11-17,27,96.893150452341601,-0.63318781620107956,-3.2808797385541766E-06
2038-11-15,3,2038-11-18,27,96.891414050761455,-0.58978698074668046,0.00024109367674896021
2038-11-15,4,2038-11-19,27,96.889918742858057,-1.201588101988591,-0.0035934285876635386
2038-11-15,5,2038-11-20,27,96.884830006366997,-0.87664553202433382,0.0053739358203443999
2038-11-15,6,2038-11-21,27,96.88511520569628,0.10688352776249133,1.5264507254642012E-05
2038-11-15,7,2038-11-22,27,96.885415669532819,,
2039-05-15,-7,2039-05-08,27,96.588139536167958,,
2039-05-15,-6,2039-05-09,27,96.588178356760238,-0.31795362931706705,-0.0018198528520514401
2039-05-15,-5,2039-05-10,27,96.586397324500467,-0.64927171817664941,4.4112692592079839E-06
2039-05-15,-4,2039-05-11,27,96.584620703509955,-0.6458606754810603,1.4279375648129644E-05
2039-05-15,-3,2039-05-12,27,96.582858361895092,-0.64747178227396063,-2.3107358074980766E-05
2039-05-15,-2,2039-05-13,27,96.581072912922153,-1.3133475809895856,-0.003625527155435293
2039-05-15,-1,2039-05-14,27,96.575661936793779,-0.97652253557974689,0.0054711438426124914
2039-05-15,0,2039-05-15,27,96.575722104508017,0.15077846608996026,0.00070584794735850664
2039-05-15,1,2039-05-16,28,96.576488120169614,-0.17637847697773879,-0.0024984887312911042
2039-05-15,2,2039-05-17,28,96.57475564709992,-0.63294624768289509,-3.2524780522180663E-06
2039-05-15,3,2039-05-18,28,96.573019921552174,-0.58953504756328101,0.00024112206774873357
2039-05-15,4,2039-05-19,28,96.571525318072176,-0.54623459333246416,-3.8593048401480701E-06
2039-05-15,5,2039-05-20,28,96.570026855287338,-1.2039707469436678,-0.0036001744135774061
2039-05-15,6,2039-05-21,28,96.564928218088923,-0.87566663854772742,0.0053991010349250246
2039-05-15,7,2039-05-22,28,96.565228681925433,,
2039-11-15,-7,2039-11-08,28,96.247314465552222,,
2039-11-15,-6,2039-11-09,28,96.245525071618417,-0.6501607906511353,1.6262987330151191E-05
2039-11-15,-5,2039-11-10,28,96.243751940671942,-1.648842940577957,-0.0054884939458332838
2039-11-15,-4,2039-11-11,28,96.236490315779633,-1.311118446702686,0.0073390391177525771
2039-11-15,-3,2039-11-12,28,96.236567730005078,0.023893570031674471,-2.3904779482109006E-05
2039-11-15,-2,2039-11-13,28,96.23662123945104,0.020592740674310051,5.8180432773724533E-06
2039-11-15,-1,2039-11-14,28,96.236680566940279,-0.31186048102995301,-0.001827479532067855
2039-11-15,0,2039-11-15,28,96.234912414897451,-0.5088561976448247,0.00074805094787677717
2039-11-15,1,2039-11-16,29,96.2338923138025,-0.50057493376836959,-0.00070267415951263956
2039-11-15,2,2039-11-17,29,96.232169538548035,-0.62940180640367771,-3.2265124616515095E-06
2039-11-15,3,2039-11-18,29,96.23044353678111,-1.2387518364350925,-0.0033356777616830868
2039-11-15,4,2039-11-19,29,96.225381857252501,-0.86898098970749516,0.0053618193875877296
2039-11-15,5,2039-11-20,29,96.225681997111479,0.10813074946007362,-7.7824606421472708E-06
2039-11-15,6,2039-11-21,29,96.225974354509816,-0.21778564732521488,-0.0017780608094142281
2039-11-15,7,2039-11-22,29,96.224488651098739,,
2040-05-15,-7,2040-05-08,29,95.922951003821879,,
2040-05-15,-6,2040-05-09,29,95.921174059191031,-0.64561238845442404,1.6287133178138902E-05
2040-05-15,-5,2040-05-10,29,95.919413401693362,-0.64379888316874911,-6.3501179141667308E-06
2040-05-15,-4,2040-05-11,29,95.917646394077778,-1.3019687995506501,-0.0036000603828085787
2040-05-15,-3,2040-05-12,29,95.912279326079386,-0.96972443582110657,0.0054205774443403243
2040-05-15,-2,2040-05-13,29,95.912332835525334,0.020592740674310051,5.8180433057941627E-06
2040-05-15,-1,2040-05-14,29,95.912392163014587,-0.30956207101720423,-0.0018148855046291601
2040-05-15,0,2040-05-15,29,95.910636604999212,-0.50400519198991134,0.00074944374587460061
2040-05-15,1,2040-05-16,30,95.909630490729711,-0.49546545273940978,-0.00070265065409103045
2040-05-15,2,2040-05-17,30,95.907921725806119,-0.62428374769829986,-3.2030169165864208E-06
2040-05-15,3,2040-05-18,30,95.906209757865611,-1.2284814335895433,-0.0033074692345422818
2040-05-15,4,2040-05-19,30,95.90119032069056,-0.86127176018052864,0.0053195770340437321
2040-05-15,5,2040-05-20,30,95.901490460549553,0.1081307494626671,-7.7824606563581256E-06
2040-05-15,6,2040-05-21,30,95.90178281794789,-0.21520734031454936,-0.0017639330997667457
2040-05-15,7,2040-05-22,30,95.90031124224646,,
2040-11-15,-7,2040-11-08,30,95.585728237930368,,
2040-11-15,-6,2040-11-09,30,95.583970911586178,-1.6234890136014002,-0.0053811775231338288
2040-11-15,-5,2040-11-10,30,95.576832407718854,-1.2931683450792164,0.0071911537890088084
2040-11-15,-4,2040-11-11,30,95.576885057640538,0.025492353386162847,3.4384284774091611E-05
2040-11-15,-3,2040-11-12,30,95.576972091846997,0.025649216569405553,-3.3524760482350757E-05
2040-11-15,-2,2040-11-13,30,95.577025601292974,-0.30745012173962749,-0.0017916770932657755
2040-11-15,-1,2040-11-14,30,95.575287433645684,-0.63400075181796467,2.3585722885854921E-06
2040-11-15,0,2040-11-15,30,95.573551624570683,-0.4965865643440992,0.00075059587962300611
2040-11-15,1,2040-11-16,31,95.572566411375306,-1.1285926864721318,-0.0042136431241601713
2040-11-15,2,2040-11-17,31,95.567367555055768,-0.93694696250125276,0.0052637566801649882
2040-11-15,3,2040-11-18,31,95.567432455416395,0.067739954943171199,0.00024137711405103346
2040-11-15,4,2040-11-19,31,95.567738732891073,-0.20930551278517839,-0.0017594344714666477
2040-11-15,5,2040-11-20,31,95.566285575894284,-0.53201882848551207,-8.8576693570985299E-06
2040-11-15,6,2040-11-21,31,95.564823561228138,-0.85193347923116391,-0.0017440993210300348
2040-11-15,7,2040-11-22,31,95.561617447240963,,
2041-05-15,-7,2041-05-08,31,95.27568791206005,,
2041-05-15,-6,2041-05-09,31,95.273952583196603,-0.63288740834238411,2.781516798222583E-06
2041-05-15,-5,2041-05-10,31,95.272220035849955,-1.2770745200148781,-0.003532573909524217
2041-05-15,-4,2041-05-11,31,95.266954914593782,-0.94500088657021308,0.0053521554626456691
2041-05-15,-3,2041-05-12,31,95.267041948800255,0.025649216574592515,-3.3524760482350757E-05
2041-05-15,-2,2041-05-13,31,95.267095458246246,-0.30341775770470036,-0.0017695819478973362
2041-05-15,-1,2041-05-14,31,95.265379385744339,-0.62593246395685753,2.37807802250245E-06
2041-05-15,0,2041-05-15,31,95.263665691320455,-0.48830544652989971,0.00075174256541288287
2041-05-15,1,2041-05-16,32,95.262703739461983,-0.48029576308920241,-0.00070785388902550039
2041-05-15,2,2041-05-17,32,95.261033933714486,-1.2401194943090132,-0.0034555638162885316
2041-05-15,3,2041-05-18,32,95.255908564150701,-0.87948430625949925,0.0054316470384776494
2041-05-15,4,2041-05-19,32,95.256214841625393,0.11088237800880307,-4.9802753636640773E-06
2041-05-15,5,2041-05-20,32,95.256516138824722,-0.20756846029755138,-0.0017399558249451275
2041-05-15,6,2041-05-21,32,95.255077480199105,-0.5233248543735769,9.7838026107410769E-06
2041-05-15,7,2041-05-22,32,95.2536486053761,,
2041-11-15,-7,2041-11-08,32,94.947689134122271,,
2041-11-15,-6,2041-11-09,32,94.940740667561428,-1.2599577621049818,0.0069930549731651581
2041-11-15,-5,2041-11-10,32,94.940785255973751,0.019340695364036264,1.6799588308913371E-05
2041-11-15,-4,2041-11-11,32,94.940846643974382,0.02708705279392376,2.564620582745647E-05
2041-11-15,-3,2041-11-12,32,94.940933678180841,-0.29293888124609424,-0.0017792129676905688
2041-11-15,-2,2041-11-13,32,94.939241499419609,-0.61671045394703583,5.1221583703409124E-06
2041-11-15,-1,2041-11-14,32,94.937554442816747,-0.61533849646806971,2.3954168568707246E-06
2041-11-15,0,2041-11-15,32,94.935869781630743,-1.0991921886441247,-0.0026536485246708708
2041-11-15,1,2041-11-16,33,94.931531471920067,-0.78007751999592756,0.0044022220515103072
2041-11-15,2,2041-11-17,33,94.931595384260902,0.024598651050169451,6.9624473724161362E-06
2041-11-15,3,2041-11-18,33,94.931666259049109,-0.24161197100397658,-0.0014656507873951341
2041-11-15,4,2041-11-19,33,94.930271483049921,-0.51018105644317302,-5.9606396689559915E-06
2041-11-15,5,2041-11-20,33,94.928870746411064,-0.51268656725650175,-7.7681867054479881E-06
2041-11-15,6,2041-11-21,33,94.927462241585502,-0.51231565830406112,9.8005645270404784E-06
2041-11-15,7,2041-11-22,33,94.926063537324467,,
2042-05-15,-7,2042-05-08,33,94.64731537531479,,
2042-05-15,-6,2042-05-09,33,94.64562615217136,-1.237732957929083,-0.0034036521127518427
2042-05-15,-5,2042-05-10,33,94.640533276915178,-0.91824642413794066,0.0051542632568128965
2042-05-15,-4,2042-05-11,33,94.64059466491581,0.02708705279392376,2.564620582745647E-05
2042-05-15,-3,2042-05-12,33,94.640681699122268,-0.28737565472731319,-0.0017487295347109466
2042-05-15,-2,2042-05-13,33,94.639020003794016,-0.60558119367637886,5.1375404694908866E-06
2042-05-15,-1,2042-05-14,33,94.637363446006233,-0.60420362320432019,2.4107908842552206E-06
2042-05-15,0,2042-05-15,33,94.635709299009335,-0.46714861302756816,0.00074857556624863264
2042-05-15,1,2042-05-16,34,94.634803727578685,-1.0677397100625186,-0.0040394856869880869
2042-05-15,2,2042-05-17,34,94.629858670461047,-0.8895382751211045,0.0050159319058451501
2042-05-15,3,2042-05-18,34,94.629929545249254,0.069016994511486018,0.00023642573597726368
2042-05-15,4,2042-05-19,34,94.630236845773439,-0.19380361767442622,-0.0016765386794617143
2042-05-15,5,2042-05-20,34,94.628867607618162,-0.50118691187201136,-7.7533435387522331E-06
2042-05-15,6,2042-05-21,34,94.627490616119346,-0.5008105866212631,9.8153997072358834E-06
2042-05-15,7,2042-05-22,34,94.626123440020237,,
2042-11-15,-7,2042-11-08,34,94.328221049262325,,
2042-11-15,-6,2042-11-09,34,94.32824771617959,0.013977093890211734,2.3252981307564369E-05
2042-11-15,-5,2042-11-10,34,94.328297636078162,-0.5919510194155464,-0.0033434070268185678
2042-11-15,-4,2042-11-11,34,94.325004148949915,-0.58517765822365675,0.003380521334719333
2042-11-15,-3,2042-11-12,34,94.325091183156388,-0.28072510840843279,-0.001712288185046873
2042-11-15,-2,2042-11-13,34,94.323465929177814,-0.59227765662313914,5.1509345553313324E-06
2042-11-15,-1,2042-11-14,34,94.321845826133796,-1.1878146514179377,-0.0032683673443898442
2042-11-15,0,2042-11-15,34,94.316957355745387,-0.75207172001952927,0.0056559998452030413
2042-11-15,1,2042-11-16,35,94.317724885202182,0.15273334657571525,-0.00069816386385923579
2042-11-15,2,2042-11-17,35,94.317794250795117,-0.27248273054269134,-0.0016317872436388825
2042-11-15,3,2042-11-18,35,94.316231829144414,-0.52729932341925689,0.00023553194020564661
2042-11-15,4,2042-11-19,35,94.314904939433916,-0.48522813321390856,-5.0048705872995924E-06
2042-11-15,5,2042-11-20,35,94.313573044852831,-0.48755415770187938,-7.7404690728144487E-06
2042-11-15,6,2042-11-21,35,94.312233409802673,-1.0841783451980547,-0.0032614331610432146
2042-11-15,7,2042-11-22,35,94.307632341591471,,
2043-05-15,-7,2043-05-08,35,94.043563148960487,,
2043-05-15,-6,2043-05-09,35,94.038672576730974,-0.88341905039932556,0.0049404921280711278
2043-05-15,-5,2043-05-10,35,94.038722496629532,0.019996343932113803,9.7292107312796361E-06
2043-05-15,-4,2043-05-11,35,94.038782145738821,-0.27237078651495494,-0.0016117408844138481
2043-05-15,-3,2043-05-12,35,94.037230053963697,-0.57310397627095,-3.6112210139549461E-05
2043-05-15,-2,2043-05-13,35,94.035641849978433,-0.57875227343203051,5.162636654176822E-06
2043-05-15,-1,2043-05-14,35,94.034058808629823,-0.57827507717881588,-2.5478626639596769E-06
2043-05-15,0,2043-05-15,35,94.032473219418549,-1.0228475954908944,-0.0024334659363063338
2043-05-15,1,2043-05-16,36,94.028454164270968,-0.7208183437252913,0.0040884207405014195
2043-05-15,2,2043-05-17,36,94.02852352986389,0.025759032487790989,2.414197652456096E-06
2043-05-15,3,2043-05-18,36,94.028595309654463,-0.22215345970412415,-0.001360838812402676
2043-05-15,4,2043-05-19,36,94.027306250632634,-0.47141788258485917,-4.9936417383378284E-06
2043-05-15,5,2043-05-20,36,94.026012197969067,-0.47373980981117114,-7.7292471729606405E-06
2043-05-15,6,2043-05-21,36,94.024710416058326,-0.4742774223035795,4.7834252967504653E-06
2043-05-15,7,2043-05-22,36,94.023413417572883,,
2043-11-15,-7,2043-11-08,36,93.740851753534656,,
2043-11-15,-6,2043-11-09,36,93.740880634594546,-0.27705361804059692,-0.0015758641364413961
2043-11-15,-5,2043-11-10,36,93.739333651517995,-0.85476046183675436,-0.0015896528158663159
2043-11-15,-4,2043-11-11,36,93.736197015625578,-0.55627028414665602,0.0032252154333463068
2043-11-15,-3,2043-11-12,36,93.736285595166507,-0.2659935325341678,-0.0016346578902641795
2043-11-15,-2,2043-11-13,36,93.734739516817172,-1.1390679486141408,-0.003149311512913755
2043-11-15,-1,2043-11-14,36,93.730044126954922,-0.84669838764487082,0.0047513365045261935
2043-11-15,0,2043-11-15,36,93.7301000735972,0.15119337737903749,0.00071656357779659174
2043-11-15,1,2043-11-16,37,93.730872583817273,-0.12986593822933656,-0.0022566146222260386
2043-11-15,2,2043-11-17,37,93.729388479415121,-0.54140626372927159,1.5991400346138107E-06
2043-11-15,3,2043-11-18,37,93.727905974153003,-0.49797676295746385,0.00023637072720816832
2043-11-15,4,2043-11-19,37,93.726659839618094,-0.45574871971716391,-4.9841889051549515E-06
2043-11-15,5,2043-11-20,37,93.725408720894279,-1.0258293317941636,-0.0031187451923386789
2043-11-15,6,2043-11-21,37,93.721038856978126,-0.74240847571854118,0.0046717361845338701
2043-11-15,7,2043-11-22,37,93.721340729246506,,
2044-05-15,-7,2044-05-08,37,93.460828252508833,,
2044-05-15,-6,2044-05-09,37,93.460857133568709,-0.2692284583678628,-0.0015329865491651162
2044-05-15,-5,2044-05-10,37,93.45935302807942,-0.54769240284102239,7.1567164354746637E-06
2044-05-15,-4,2044-05-11,37,93.457856079306566,-0.54061534276421241,3.1621694944306E-05
2044-05-15,-3,2044-05-12,37,93.456390752228657,-0.54175171102912145,-3.7848370368465112E-05
2044-05-15,-2,2044-05-13,37,93.454887576780379,-1.107641831540036,-0.0030629194132529847
2044-05-15,-1,2044-05-14,37,93.450321481918849,-0.82310205000858616,0.0046220415038362717
2044-05-15,0,2044-05-15,37,93.450377428561154,0.15119337738163097,0.00071656357775395918
2044-05-15,1,2044-05-16,38,93.451149938781214,-0.12193230643223529,-0.0022131426671450072
2044-05-15,2,2044-05-17,38,93.449709306334128,-0.52553753629140942,1.6071610673407122E-06
2044-05-15,3,2044-05-18,38,93.44827028104811,-0.48210510895785319,0.00023637874213022769
2044-05-15,4,2044-05-19,38,93.447067634504222,-0.43987414135507663,-4.9761799232328485E-06
2044-05-15,5,2044-05-20,38,93.445860011780411,-0.99406849292680732,-0.0030317051985520038
2044-05-15,6,2044-05-21,38,93.441620683858048,-0.71858565685182896,0.0045412001907436661
2044-05-15,7,2044-05-22,38,93.441922556126428,,
2044-11-15,-7,2044-11-08,38,93.177698507138842,,
2044-11-15,-6,2044-11-09,38,93.176219215380314,-0.53600781125506813,2.1554414288971202E-05
2044-11-15,-5,2044-11-10,38,93.174761478036075,-1.3572958170733784,-0.0045217626653482057
2044-11-15,-4,2044-11-11,38,93.168781978026487,-1.0745621969245533,0.0060709879812321788
2044-11-15,-3,2044-11-12,38,93.168873465998132,0.026342665576706281,-3.8632570266372568E-05
2044-11-15,-2,2044-11-13,38,93.16892632139951,0.019715748411215372,2.3206953869703284E-06
2044-11-15,-1,2044-11-14,38,93.168981497496276,-0.25480018159861118,-0.0015065175721531432
2044-11-15,0,2044-11-15,38,93.167530156020888,-0.39135583218865122,0.00075826743193374568
2044-11-15,1,2044-11-16,39,93.166837081977434,-0.38086848906239368,-0.0007008025380912386
2044-11-15,2,2044-11-17,39,93.165443205395889,-0.50847046106134997,1.6136504257246997E-06
2044-11-15,3,2044-11-18,39,93.164050942464769,-1.000355333463645,-0.0026968732252328209
2044-11-15,4,2044-11-19,39,93.159961806308416,-0.69039011719446819,0.0043953127664337899
2044-11-15,5,2044-11-20,39,93.160267982918498,0.11014755438758073,-8.8049769431108871E-06
2044-11-15,6,2044-11-21,39,93.160565354551636,-0.15794186952874156,-0.0014601781678038606
2044-11-15,7,2044-11-22,39,93.159402548016971,,
2045-05-15,-7,2045-05-08,39,92.920112253546833,,
2045-05-15,-6,2045-05-09,39,92.918678437289941,-0.51940821023091388,2.1560128956821245E-05
2045-05-15,-5,2045-05-10,39,92.917266181162006,-0.51636163192611662,-4.8665492045074643E-06
2045-05-15,-4,2045-05-11,39,92.915849058484866,-0.50827097539265509,4.9198913771419939E-05
2045-05-15,-3,2045-05-12,39,92.914481134721498,-1.0398162988019521,-0.0029617760283429106
2045-05-15,-2,2045-05-13,39,92.910151434929787,-0.78010057432759794,0.0043848758884763583
2045-05-15,-1,2045-05-14,39,92.910206611026553,0.020242139839865558,5.6364120837315568E-07
2045-05-15,0,2045-05-15,39,92.910262350764526,-0.10793762170742127,-0.00070291849900172565
2045-05-15,1,2045-05-16,40,92.909615172003498,-0.36411573362357785,-0.00070079718273063918
2045-05-15,2,2045-05-17,40,92.908267196059739,-0.49171575185994243,1.6190006135730073E-06
2045-05-15,3,2045-05-18,40,92.906920839116594,-0.44913435011871172,0.00023170374865344456
2045-05-15,4,2045-05-19,40,92.905806185922103,-0.92429697214239326,-0.0028353345542626585
2045-05-15,5,2045-05-20,40,92.901856198173348,-0.66660244109733924,0.0042473593819067901
2045-05-15,6,2045-05-21,40,92.902153569806501,0.10948610221593214,5.1805814536010075E-06
2045-05-15,7,2045-05-22,40,92.902456122021107,,
2045-11-15,-7,2045-11-08,40,92.653049170907721,,
2045-11-15,-6,2045-11-09,40,92.651664406749489,-0.50150340915248393,2.1564430696230374E-05
2045-11-15,-5,2045-11-10,40,92.650301207021954,-1.0143463944004694,-0.0028316629800002602
2045-11-15,-4,2045-11-11,40,92.646106344314418,-0.74823866079949397,0.0042897875476768377
2045-11-15,-3,2045-11-12,40,92.64620126915456,0.027228599856208291,-4.0651872851071857E-05
2045-11-15,-2,2045-11-13,40,92.64625554212185,-0.23762861177260675,-0.0014106205196355859
2045-11-15,-1,2045-11-14,40,92.644899194569504,-0.49508949305277383,-1.2403532423377328E-07
2045-11-15,0,2045-11-15,40,92.643542722981834,-0.35665203144681357,0.0007586854687815503
2045-11-15,1,2045-11-16,41,92.642944936862946,-0.34608669557314897,-0.00070079321741900458
2045-11-15,2,2045-11-17,41,92.641646357526639,-0.97439701671429901,-0.0027420030628064751
2045-11-15,3,2045-11-18,41,92.637605775127525,-0.68138853981313474,0.0043475289636347725
2045-11-15,4,2045-11-19,41,92.637912721692047,0.11263815532021937,3.3022425753870266E-06
2045-11-15,5,2045-11-20,41,92.638222970499143,-0.13912424785946342,-0.0013828222599983064
2045-11-15,6,2045-11-21,41,92.637150397046241,-0.39066764995769887,4.502248501125905E-06
2045-11-15,7,2045-11-22,41,92.636082325841841,,
2046-05-15,-7,2046-05-08,41,92.412443925614809,,
2046-05-15,-6,2046-05-09,41,92.411106925012348,-0.48406909876028692,2.1567787058529575E-05
2046-05-15,-5,2046-05-10,41,92.409791492196945,-0.48216134629001317,-1.1114348865248758E-05
2046-05-15,-4,2046-05-11,41,92.408464945032676,-0.97091840129436946,-0.0026670065004736898
2046-05-15,-3,2046-05-12,41,92.404471391367935,-0.71891872728755857,0.0040478266320178591
2046-05-15,-2,2046-05-13,41,92.40452566433521,0.019927083868296336,6.435660964143608E-07
2046-05-15,-1,2046-05-14,41,92.404580580868583,-0.22881328533976841,-0.0013636044932638924
2046-05-15,0,2046-05-15,41,92.403271892908691,-0.33916561217331775,0.00075893420924444399
2046-05-15,1,2046-05-16,42,92.402722139158044,-0.32855432365753501,-0.00070079016258262072
2046-05-15,2,2046-05-17,42,92.401471595244814,-0.45697026625902026,-2.8588379734628688E-06
2046-05-15,3,2046-05-18,42,92.400218192493611,-0.89644217186478414,-0.0024052063982225036
2046-05-15,4,2046-05-19,42,92.396559583344185,-0.61107576247508177,0.0039688579565222426
2046-05-15,5,2046-05-20,42,92.396869832151282,0.11100080260089129,-1.2274038297732659E-05
2046-05-15,6,2046-05-21,42,92.397167806920081,-0.13177335891558783,-0.0013179953398747557
2046-05-15,7,2046-05-22,42,92.396147786349005,,
2046-11-15,-7,2046-11-08,42,92.163785259473073,,
2046-11-15,-6,2046-11-09,42,92.162498976201093,-1.1849211094180845,-0.0039201518638094512
2046-11-15,-5,2046-11-10,42,92.157292541065303,-0.94308971860478152,0.0052452553751152209
2046-11-15,-4,2046-11-11,42,92.157331361304628,0.024993412760743183,5.9309728257517236E-05
2046-11-15,-3,2046-11-12,42,92.157429491272211,0.027813535609126916,-4.3857000321168016E-05
2046-11-15,-2,2046-11-13,42,92.157483764239473,-0.21959143880742715,-0.001311786695112005
2046-11-15,-1,2046-11-14,42,92.156226250511622,-0.45907357883255173,-4.4420913525300421E-07
2046-11-15,0,2046-11-15,42,92.154968292574637,-0.32061490695326711,0.00075912186326831943
2046-11-15,1,2046-11-16,43,92.154469456500919,-0.77471397195818525,-0.0032473359180897887
2046-11-15,2,2046-11-17,43,92.150723284509112,-0.67068960796600408,0.003817332433115439
2046-11-15,3,2046-11-18,43,92.150794444950421,0.069685042273555098,0.00023951496545748796
2046-11-15,4,2046-11-19,43,92.151105120357187,-0.11872857440170748,-0.0012719183445000226
2046-11-15,5,2046-11-20,43,92.150143877419453,-0.35320686766013409,-1.2894221299575293E-05
2046-11-15,6,2046-11-21,43,92.149169740260419,-0.58690228936377764,-0.0012676286373505263
2046-11-15,7,2046-11-22,43,92.146927974464035,,
2047-05-15,-7,2047-05-08,43,91.940784208086171,,
2047-05-15,-6,2047-05-09,43,91.939546938490409,-0.44967511082731448,1.0565981511945211E-05
2047-05-15,-5,2047-05-10,43,91.938320234876159,-0.9073072053594089,-0.0025181391022357502
2047-05-15,-4,2047-05-11,43,91.934575392159672,-0.66552507667484662,0.0038429726840689682
2047-05-15,-3,2047-05-12,43,91.934673522127255,0.027813535614313878,-4.3857000292746307E-05
2047-05-15,-2,2047-05-13,43,91.934727795094545,-0.21064518143365518,-0.0012627661068194129
2047-05-15,-1,2047-05-14,43,91.933519301955016,-0.44118081380631224,-4.4283768829700421E-07
2047-05-15,0,2047-05-15,43,91.932310365977798,-0.30269783979385068,0.00075925365419493573
2047-05-15,1,2047-05-16,44,91.931860683654776,-0.29280770862126104,-0.00070506115461910213
2047-05-15,2,2047-05-17,44,91.930705940177134,-0.86695053187654025,-0.0024409269180125648
2047-05-15,3,2047-05-18,44,91.92711026978148,-0.59951158547214334,0.0039063458024202191
2047-05-15,4,2047-05-19,44,91.927420945188246,0.11341666540506168,1.103667699453581E-07
2047-05-15,5,2047-05-20,44,91.927731730961781,-0.11209003262422357,-0.0012357635066564399
2047-05-15,6,2047-05-21,44,91.926806753228661,-0.33696786163613268,3.556224399403618E-06
2047-05-15,7,2047-05-22,44,91.92588533171994,,
2047-11-15,-7,2047-11-08,44,91.710934188357328,,
2047-11-15,-6,2047-11-09,44,91.706111986017916,-0.87319905120576635,0.004859752343449486
2047-11-15,-5,2047-11-10,44,91.706149536021954,0.014822875648121681,6.1212283526401734E-06
2047-11-15,-4,2047-11-11,44,91.706193207254344,0.025878718992515815,5.4458735178286588E-05
2047-11-15,-3,2047-11-12,44,91.706291337221913,-0.19313981323108464,-0.001254560281608974
2047-11-15,-2,2047-11-13,44,91.705134906907873,-0.42221305370993889,-6.3555663132319751E-07
2047-11-15,-1,2047-11-14,44,91.703977841037201,-0.42240980366596403,-4.4252531949950935E-07
2047-11-15,0,2047-11-15,44,91.70282033264121,-0.71198825732015081,-0.001586288727580154
2047-11-15,1,2047-11-16,45,91.700076535517638,-0.48795266833071338,0.0028138809960154276
2047-11-15,2,2047-11-17,45,91.700146619390082,0.026401294391398267,4.4968819139512561E-06
2047-11-15,3,2047-11-18,45,91.700221200144441,-0.14342906431810576,-0.00093507418991123359
2047-11-15,4,2047-11-19,45,91.699360706708887,-0.31416357227588065,-4.5736054232747847E-07
2047-11-15,5,2047-11-20,45,91.698499755912792,-0.31651278143868922,-1.2415018431966018E-05
2047-11-15,6,2047-11-21,45,91.697626390098264,-0.31812949681835789,3.5563040228225873E-06
2047-11-15,7,2047-11-22,45,91.69675658058776,,
2048-05-15,-7,2048-05-08,45,91.500749019073695,,
2048-05-15,-6,2048-05-09,45,91.497287204895144,-0.62492821184850555,0.003499364182587783
2048-05-15,-5,2048-05-10,45,91.497324754899182,0.014822875648121681,6.1212283526401734E-06
2048-05-15,-4,2048-05-11,45,91.497368426131573,-0.18574992295995685,-0.0011051502618215636
2048-05-15,-3,2048-05-12,45,91.496306947102141,-0.39560804624471757,-4.4757263026440341E-05
2048-05-15,-2,2048-05-13,45,91.495200710809684,-0.40389229308594565,-6.3587035015189031E-07
2048-05-15,-1,2048-05-14,45,91.494093838646876,-0.40408915809656776,-4.4284203681854706E-07
2048-05-15,0,2048-05-15,45,91.492986523642031,-0.67533045738073838,-0.0014858108526709657
2048-05-15,1,2048-05-16,46,91.490393397784516,-0.46045516227295025,0.0026632097299739144
2048-05-15,2,2048-05-17,46,91.490463481656974,0.026401294391398267,4.4968818855295467E-06
2048-05-15,3,2048-05-18,46,91.490538062411318,-0.13426341355220472,-0.00088485144596006648
2048-05-15,4,2048-05-19,46,91.489727791719702,-0.29583236390191558,-4.5787102465055796E-07
2048-05-15,5,2048-05-20,46,91.488917063157061,-0.29818175990428131,-1.2415531728038331E-05
2048-05-15,6,2048-05-21,46,91.488093919062692,-0.29979866316089954,3.5557878561576217E-06
2048-05-15,7,2048-05-22,46,91.487274330756179,,
2048-11-15,-7,2048-11-08,46,91.288738119824188,,
2048-11-15,-6,2048-11-09,46,91.288756325007228,-0.19202733992543131,-0.001088614968409729
2048-11-15,-5,2048-11-10,46,91.287685915221857,-0.59207385451252037,-0.0011034207279578823
2048-11-15,-4,2048-11-11,46,91.285512084708529,-0.37866055568894552,0.0022728086667171965
2048-11-15,-3,2048-11-12,46,91.285611062861918,-0.17443653128388803,-0.0011537729165524979
2048-11-15,-2,2048-11-13,46,91.284556268098754,-0.78321526489414595,-0.0021820009662434359
2048-11-15,-1,2048-11-14,46,91.281319472369347,-0.58094920780334292,0.0032903081283848223
2048-11-15,0,2048-11-15,46,91.281372984768325,0.15115965186900837,0.00072124726708011622
2048-11-15,1,2048-11-16,47,91.282147744434383,-0.041219953446613999,-0.0017753820907273621
2048-11-15,2,2048-11-17,47,91.281147122009713,-0.36450148624773249,3.9764315431511932E-06
2048-11-15,3,2048-11-18,47,91.280150476016587,-0.3203958580065347,0.00023769824375108328
2048-11-15,4,2048-11-19,47,91.279391528267212,-0.27709973022588485,-4.5918741875539126E-07
2048-11-15,5,2048-11-20,47,91.278632121330418,-0.67064863182228152,-0.0021559731500957469
2048-11-15,6,2048-11-21,47,91.275716741243528,-0.47660514781163954,0.0032192251172773467
2048-11-15,7,2048-11-22,47,91.276020586273916,,
2049-05-15,-7,2049-05-08,47,91.100542563864835,,
2049-05-15,-6,2049-05-09,47,91.100560769047874,0.010114685399962298,1.9012567619824949E-05
2049-05-15,-5,2049-05-10,47,91.100597986798533,-0.17896860685386429,-0.0010550854018873679
2049-05-15,-4,2049-05-11,47,91.099580119147305,-0.36074845993432803,5.9031412405374795E-05
2049-05-15,-3,2049-05-12,47,91.098621282908482,-0.35853202657996519,-4.6886572107496249E-05
2049-05-15,-2,2049-05-13,47,91.097615560097552,-0.36805382516931218,-5.2876667382406595E-06
2049-05-15,-1,2049-05-14,47,91.096604549619883,-0.74063012863106792,-0.0020362263248330237
2049-05-15,0,2049-05-15,47,91.093557312817381,-0.41472707740616954,0.003821996468531097
2049-05-15,1,2049-05-16,48,91.094332072483411,0.15426344469329223,-0.00070424018305459413
2049-05-15,2,2049-05-17,48,91.094402591966386,-0.1600725206596465,-0.0010181486681943852
2049-05-15,3,2049-05-18,48,91.093454962781166,-0.30250502875968976,0.00023769656901606595
2049-05-15,4,2049-05-19,48,91.092745030164963,-0.25920951266190428,-4.6086437066605868E-07
2049-05-15,5,2049-05-20,48,91.092034636684389,-0.26226993406048393,-1.630856795031832E-05
2049-05-15,6,2049-05-21,48,91.091307934635864,-0.63620884994747939,-0.0020326717930743143
2049-05-15,7,2049-05-22,48,91.088548560794266,,
2049-11-15,-7,2049-11-08,48,90.910485643135416,,
2049-11-15,-6,2049-11-09,48,90.90949678049347,-0.35755344154345892,1.8528343929347102E-05
2049-11-15,-5,2049-11-10,48,90.908526446195452,-0.5375607033395724,-0.0010048695044559963
2049-11-15,-4,2049-11-11,48,90.906551242392979,-0.34227236484408508,0.0020749425921025022
2049-11-15,-3,2049-11-12,48,90.906650981182608,-0.52403918595491206,-0.0030709251735316911
2049-11-15,-2,2049-11-13,48,90.903679794798705,-0.53348803799504907,0.003019150641804913
2049-11-15,-1,2049-11-14,48,90.903727759056608,0.018907528608984592,7.6743806829426831E-06
2049-11-15,0,2049-11-15,48,90.903783397695193,-0.025752585462335276,-0.00025238733449839401
2049-11-15,1,2049-11-16,49,90.90358664899928,-0.20042431628976232,-0.00070471803989846649
2049-11-15,2,2049-11-17,49,90.902685182263468,-0.32823977734647514,4.3593491767524029E-06
2049-11-15,3,2049-11-18,49,90.901788074876833,-0.28406501413542173,0.00023769414787011556
2049-11-15,4,2049-11-19,49,90.901128661638069,-0.59571821922183688,-0.0019453829428641711
2049-11-15,5,2049-11-20,49,90.89852386545644,-0.42124728550863466,0.0029013880591008956
2049-11-15,6,2049-11-21,49,90.898820457333912,0.11009325682099558,1.0066967362831747E-05
2049-11-15,7,2049-11-22,49,90.899127116178747,,
2050-05-15,-7,2050-05-08,49,90.739990501615054,,
2050-05-15,-6,2050-05-09,49,90.740008368478115,-0.16503099922775988,-0.00094001317394543094
2050-05-15,-5,2050-05-10,49,90.739086222167231,-0.33638960581363619,1.0619049817250925E-06
2050-05-15,-4,2050-05-11,49,90.738165137761328,-0.32468513386806563,6.3072187870716334E-05
2050-05-15,-3,2050-05-12,49,90.737307125543296,-0.32304551968000084,-5.408800053885443E-05
2050-05-15,-2,2050-05-13,49,90.736395025324725,-0.6757118328573597,-0.0018783301538576325
2050-05-15,-1,2050-05-14,49,90.733604594952297,-0.49909949142378451,0.0028460690110279074
2050-05-15,0,2050-05-15,49,90.733660233590896,0.15161950412736047,0.00071951452623864043
2050-05-15,1,2050-05-16,50,90.734435386755734,-0.014281794776884738,-0.0016285627394125868
2050-05-15,2,2050-05-17,50,90.73358197718116,-0.31069939602502927,4.3567051761783659E-06
2050-05-15,3,2050-05-18,50,90.732732924311762,-0.26652559819577704,0.00023769150210739554
2050-05-15,4,2050-05-19,50,90.732121562944471,-0.22390195728299034,-4.1373053250026715E-06
2050-05-15,5,2050-05-20,50,90.731506064271855,-0.56343774581520734,-0.0018563327688241316
2050-05-15,6,2050-05-21,50,90.729034232830415,-0.39514399887526253,0.0027784902863032812
2050-05-15,7,2050-05-22,50,90.729340891675278,,
2050-11-15,-7,2050-11-08,50,90.567129534790197,,
2050-11-15,-6,2050-11-09,50,90.566238641573378,-0.32186435012810932,1.8146158964782444E-05
2050-11-15,-5,2050-11-10,50,90.565365894515523,-0.81630292116706471,-0.0027273986030138531
2050-11-15,-4,2050-11-11,50,90.561765748854654,-0.63850731649552017,0.003701621094364782
2050-11-15,-3,2050-11-12,50,90.56186722428815,0.027055756543070686,-5.4700146208119804E-05
2050-11-15,-2,2050-11-13,50,90.561913999575438,0.017506210853071025,2.3738684546970035E-06
2050-11-15,-1,2050-11-14,50,90.561963148731181,-0.14653901201480579,-0.0009012518019773097
2050-11-15,0,2050-11-15,50,90.561111046084946,-0.17372216766268878,0.000752303003906718
2050-11-15,1,2050-11-16,51,90.561011246442618,-0.1649752347909228,-0.00070437460460937018
2050-11-15,2,2050-11-17,51,90.560207072195681,-0.29272909777212419,4.3534375890885713E-06
2050-11-15,3,2050-11-18,51,90.559407251386332,-0.56806350858796151,-0.001513035140689567
2050-11-15,4,2050-11-19,51,90.557094395436295,-0.36563229864615465,0.0026222472499597416
2050-11-15,5,2050-11-20,51,90.557403786736216,0.11106535044202559,-1.0205337147795035E-05
2050-11-15,6,2050-11-21,51,90.557702972698991,-0.048925785523863397,-0.00086645842156940489
2050-11-15,7,2050-11-22,51,90.557135700240195,,
2051-05-15,-7,2051-05-08,51,90.414829443148861,,
2051-05-15,-6,2051-05-09,51,90.41398541042409,-0.30476087151516396,1.8142865897630145E-05
2051-05-15,-5,2051-05-10,51,90.413159520565216,-0.30287648095562503,-7.8174381741291654E-06
2051-05-15,-4,2051-05-11,51,90.412325813268168,-0.29044613433761413,7.5928926491997117E-05
2051-05-15,-3,2051-05-12,51,90.411568034897613,-0.60066707555275656,-0.0017757697002735995
2051-05-15,-2,2051-05-13,51,90.409034486826783,-0.45340280200072414,0.0025826972265861059
2051-05-15,-1,2051-05-14,51,90.40908363598254,0.019056989063841456,6.1235463704178983E-06
2051-05-15,0,2051-05-15,51,90.409138908684668,0.00039140719074737262,-0.00010840070731887863
2051-05-15,1,2051-05-16,52,90.409085780679476,-0.1479407033927771,-0.00070437798081002256
2051-05-15,2,2051-05-17,52,90.408328274693474,-0.27569579892322338,4.3500600952484092E-06
2051-05-15,3,2051-05-18,52,90.407575118767568,-0.23215519169873744,0.00023422860962796221
2051-05-15,4,2051-05-19,52,90.407056191451289,-0.49112563650275831,-0.0016532447455404053
2051-05-15,5,2051-05-20,52,90.40488401938947,-0.34181996307566465,0.0024713580245929734
2051-05-15,6,2051-05-21,52,90.405183205352245,0.11062674853405952,7.8020390219535329E-06
2051-05-15,7,2051-05-22,52,90.405490193354041,,
2051-11-15,-7,2051-11-08,52,90.258829456213661,,
2051-11-15,-6,2051-11-09,52,90.258033215873496,-0.28731734850534707,1.8139044684062355E-05
2051-11-15,-5,2051-11-10,52,90.257255114578015,-0.58229350269282776,-0.0016344467388620387
2051-11-15,-4,2051-11-11,52,90.254842566543672,-0.42138246941085811,0.0025161510308180368
2051-11-15,-3,2051-11-12,52,90.254946169540148,0.027507102422390517,-5.6482144060510109E-05
2051-11-15,-2,2051-11-13,52,90.254993290392562,-0.13061291867337843,-0.00080992893043685399
2051-11-15,-1,2051-11-14,52,90.25423048231454,-0.2773821584041869,5.7139182132459609E-06
2051-11-15,0,2051-11-15,52,90.253473388154731,-0.13916722910892076,0.00075162816011697942
2051-11-15,1,2051-11-16,53,90.253467922155039,-0.1305447830599249,-0.00070438188039645411
2051-11-15,2,2051-11-17,53,90.252758074274951,-0.54344004288090275,-0.0015580578994445204
2051-11-15,3,2051-11-18,53,90.250490168495418,-0.35727929054790053,0.0025781168163376833
2051-11-15,4,2051-11-19,53,90.250800379532222,0.11351475872196204,1.5766043190978962E-06
2051-11-15,5,2051-11-20,53,90.251112167173346,-0.030821026376770533,-0.00079245761855872843
2051-11-15,6,2051-11-21,53,90.250631497195911,-0.174094458694114,7.3977154499971221E-06
2051-11-15,7,2051-11-22,53,90.250158224933926,,
2052-05-15,-7,2052-05-08,53,90.119330984324364,,
2052-05-15,-6,2052-05-09,53,90.118580581257078,-0.27058746197987205,1.8135110025241374E-05
2052-05-15,-5,2052-05-10,53,90.117848313299817,-0.54883947609290828,-0.0015428036805076317
2052-05-15,-4,2052-05-11,53,90.115573241662048,-0.39629302703605873,0.0023786746342437937
2052-05-15,-3,2052-05-12,53,90.115676844658523,0.027507102422390517,-5.6482144060510109E-05
2052-05-15,-2,2052-05-13,53,90.115723965510938,-0.12225120859575611,-0.00076411134097043032
2052-05-15,-1,2052-05-14,53,90.115006975022382,-0.2606594572500498,5.7099784811498466E-06
2052-05-15,0,2052-05-15,53,90.114295694512307,-0.12248436432326315,0.00075141381837795507
2052-05-15,1,2052-05-16,54,90.114335827820611,-0.11390176381329553,-0.00070438587037813249
2052-05-15,2,2052-05-17,54,90.113671575258536,-0.5101598315296485,-0.001466891212999144
2052-05-15,3,2052-05-18,54,90.111540431483462,-0.33232022473672629,0.0024413548118644712
2052-05-15,4,2052-05-19,54,90.111850642520253,0.11351475872196204,1.5766043475196057E-06
2052-05-15,5,2052-05-20,54,90.112162430161391,-0.022502795260948005,-0.00074687827000730067
2052-05-15,6,2052-05-21,54,90.111727339532521,-0.15745872549775441,7.3937207645258241E-06
2052-05-15,7,2052-05-22,54,90.111299642624417,,
2052-11-15,-7,2052-11-08,54,89.980540286644967,,
2052-11-15,-6,2052-11-09,54,89.977672605110143,-0.51690484856525387,0.0029030077350427064
2052-11-15,-5,2052-11-10,54,89.977707931310363,0.010905707899802053,-1.0895096878016375E-05
2052-11-15,-4,2052-11-11,54,89.977732362413704,0.023366223216498838,7.9171893133889171E-05
2052-11-15,-3,2052-11-12,54,89.977835965410179,-0.1038927306224835,-0.00077648122923790197
2052-11-15,-2,2052-11-13,54,89.977163087177416,-0.24526498717683864,1.8387275702025363E-06
2052-11-15,-1,2052-11-14,54,89.976492047672224,-0.24388813256518205,5.7056812607925167E-06
2052-11-15,0,2052-11-15,54,89.975826713848292,-0.35786788252028856,-0.00063025225635726656
2052-11-15,1,2052-11-16,55,89.974531127768003,-0.22324532793302154,0.0013679100897121543
2052-11-15,2,2052-11-17,55,89.974603451777426,0.026946113475005973,3.0019180030649295E-06
2052-11-15,3,2052-11-18,55,89.974678777704852,-0.055457275769157377,-0.00045452733851902849
2052-11-15,4,2052-11-19,55,89.97429957629376,-0.13818886245129391,1.2035758771844485E-06
2052-11-15,5,2052-11-20,55,89.973921578458544,-0.14006430925938673,-1.1479996743446463E-05
2052-11-15,6,2052-11-21,55,89.973532100626585,-0.14081084549459888,7.3893872354346968E-06
2052-11-15,7,2052-11-22,55,89.973150012181861,,
2053-05-15,-7,2053-05-08,55,89.860995119817204,,
2053-05-15,-6,2053-05-09,55,89.860326142537403,-0.48531634705920368,-0.0013213130955165298
2053-05-15,-5,2053-05-10,55,89.858335852162085,-0.35876931713570315,0.0020147214786589984
2053-05-15,-4,2053-05-11,55,89.858360283265426,0.0233662232216858,7.917189316231088E-05
2053-05-15,-3,2053-05-12,55,89.85846388626193,-0.095997538404652971,-0.0007332199020737562
2053-05-15,-2,2053-05-13,55,89.85783426935636,-0.22947537626762937,1.8344891259403084E-06
2053-05-15,-1,2053-05-14,55,89.857206486939916,-0.22810006881002209,5.7014421486201172E-06
2053-05-15,0,2053-05-15,55,89.85658440596562,-0.090582074964480341,0.00074782181179955387
2053-05-15,1,2053-05-16,56,89.856710146803124,-0.31772140572812191,-0.0019924208844770419
2053-05-15,2,2053-05-17,56,89.854843466756151,-0.32692212681730837,0.0019420059743993079
2053-05-15,3,2053-05-18,56,89.854918792683577,0.070411174743192362,0.00023516280127466871
2053-05-15,4,2053-05-19,56,89.855229281412278,-0.0044742661811625339,-0.00064549398442181882
2053-05-15,5,2053-05-20,56,89.854894276156557,-0.12437279693962466,-1.1484266309480518E-05
2053-05-15,6,2053-05-21,56,89.854547786634527,-0.1251208916805524,7.3851170441230352E-06
2053-05-15,7,2053-05-22,56,89.85420868222954,,
2053-11-15,-7,2053-11-08,56,89.737358630376377,,
2053-11-15,-6,2053-11-09,56,89.737366414160903,0.0081556880147104494,2.9121132399723137E-05
2053-11-15,-5,2053-11-10,56,89.737403319077828,-0.21937559296532072,-0.0012758678774957843
2053-11-15,-4,2053-11-11,56,89.736164356117257,-0.20720319344743388,0.0013425659570458492
2053-11-15,-3,2053-11-12,56,89.736267959113732,-0.088009412945275756,-0.00068944935155457188
2053-11-15,-2,2053-11-13,56,89.735682112758653,-0.21349996259456105,1.8299014215017451E-06
2053-11-15,-1,2053-11-14,56,89.735098096304995,-0.43269173718762488,-0.0012028807211095227
2053-11-15,0,2053-11-15,56,89.733311199130227,-0.18489249095349436,0.0025606848100636626
2053-11-15,1,2053-11-16,57,89.734084986765524,0.15479272800625665,-0.00069939593905132824
2053-11-15,2,2053-11-17,57,89.734159378461769,-0.082742797058159567,-0.00060216858184958255
2053-11-15,3,2053-11-18,57,89.733631601576164,-0.14978426222139518,0.0002348180878044559
2053-11-15,4,2053-11-19,57,89.733338642778364,-0.10666722040785004,1.4396755574352937E-06
2053-11-15,5,2053-11-20,57,89.733047123656121,-0.10850119957904525,-1.148887649549124E-05
2053-11-15,6,2053-11-21,57,89.732744115657383,-0.32960920340126876,-0.0012000618293797061
2053-11-15,7,2053-11-22,57,89.731241045829265,,
2054-05-15,-7,2054-05-08,57,89.634371027553456,,
2054-05-15,-6,2054-05-09,57,89.632609803212489,-0.31468829488769501,0.0017981292578923558
2054-05-15,-5,2054-05-10,57,89.632646708129414,0.010919693533892882,-1.3975896678175559E-05
2054-05-15,-4,2054-05-11,57,89.632669637149661,-0.084493666414289237,-0.00050883703454474016
2054-05-15,-3,2054-05-12,57,89.632183729135363,-0.18807961562075093,-5.8757207682447188E-05
2054-05-15,-2,2054-05-13,57,89.631639063913383,-0.19846966544896816,1.8254278018048353E-06
2054-05-15,-1,2054-05-14,57,89.631096224119204,-0.19761635677383538,2.8502361715254665E-06
2054-05-15,0,2054-05-15,57,89.630556234561197,-0.265098210289203,-0.0003726138170776494
2054-05-15,1,2054-05-16,58,89.629643631186113,-0.1529736313856489,0.00098699507134369924
2054-05-15,2,2054-05-17,58,89.629718022882372,0.027370119609138044,1.1898656140374442E-06
2054-05-15,3,2054-05-18,58,89.629793604444245,-0.032208557908752766,-0.00032764837256138435
2054-05-15,4,2054-05-19,58,89.629541537633557,-0.091742463650881234,1.43519041273521E-06
2054-05-15,5,2054-05-20,58,89.629290906013281,-0.093578079964729,-1.1493361995462692E-05
2054-05-15,6,2054-05-21,58,89.62902878103101,-0.094856089974726387,4.4905674201345391E-06
2054-05-15,7,2054-05-22,58,89.62877114661616,,
2054-11-15,-7,2054-11-08,58,89.527068430556753,,
2054-11-15,-6,2054-11-09,58,89.527076424256961,-0.091777024186576739,-0.00051887520417892574
2054-11-15,-5,2054-11-10,58,89.526565542752991,-0.28917026809121893,-0.00056273161173692188
2054-11-15,-4,2054-11-11,58,89.525491929637283,-0.17694215842521288,0.0011776801578520235
2054-11-15,-3,2054-11-12,58,89.525595996679428,-0.072828533521658301,-0.0006071945419421354
2054-11-15,-2,2054-11-13,58,89.52509286917963,-0.37869303622695583,-0.0010687753358951113
2054-11-15,-1,2054-11-14,58,89.523520966343938,-0.27772259876595484,0.0016220380069142948
2054-11-15,0,2054-11-15,58,89.523571101515159,0.15071655994262301,0.00072557382162585782
2054-11-15,1,2054-11-16,59,89.524346810508007,0.060037789690134957,-0.0012224437956120937
2054-11-15,2,2054-11-17,59,89.523900075705242,-0.1628992767194859,8.7082898403423314E-07
2054-11-15,3,2054-11-18,59,89.523454211731462,-0.11984653703549952,0.0002350345939419185
2054-11-15,4,2054-11-19,59,89.523243382351623,-0.076691669641526516,1.4304328743719452E-06
2054-11-15,5,2054-11-20,59,89.523033983404659,-0.26894546681546672,-0.0010548758968411676
2054-11-15,6,2054-11-21,59,89.521769708560853,-0.17497362406086125,0.001569790103715718
2054-11-15,7,2054-11-22,59,89.522075223820764,,
2055-05-15,-7,2055-05-08,59,89.436868251474195,,
2055-05-15,-6,2055-05-09,59,89.436876245174403,0.0081374612170748151,2.8601428169849896E-05
2055-05-15,-5,2055-05-10,59,89.436912840302782,-0.082322806293930739,-0.00052427412686029129
2055-05-15,-4,2055-05-11,59,89.4364251613043,-0.16270562268729805,8.3820338403484129E-05
2055-05-15,-3,2055-05-12,59,89.436021302644221,-0.1584079624985435,-6.0271515451404412E-05
2055-05-15,-2,2055-05-13,59,89.435557172468691,-0.16966690666333051,-1.4213292871545491E-06
2055-05-15,-1,2055-05-14,59,89.435091620963874,-0.34451334611841133,-0.00095664135265849382
2055-05-15,0,2055-05-15,59,89.433669428106398,-0.11798330528684176,0.0021979018503657244
2055-05-15,1,2055-05-16,60,89.434445137099289,0.15518653967028229,-0.00070108078210751046
2055-05-15,2,2055-05-17,60,89.434519765310071,-0.060688535941153532,-0.00048179634453049403
2055-05-15,3,2055-05-18,60,89.434112597176323,-0.1057233922024281,0.00023503000885227721
2055-05-15,4,2055-05-19,60,89.433940459051428,-0.062570198402482902,1.4258475857786834E-06
2055-05-15,5,2055-05-20,60,89.433769746774118,-0.064901416216827101,-1.41996438287606E-05
2055-05-15,6,2055-05-21,60,89.433584834852979,-0.24178559576924386,-0.0009550287372803723
2055-05-15,7,2055-05-22,60,89.43244489419456,,
2055-11-15,-7,2055-11-08,60,89.345909773389479,,
2055-11-15,-6,2055-11-09,60,89.345449176167605,-0.16295288124052121,2.8301943800101981E-05
2055-11-15,-5,2055-11-10,60,89.345016880889531,-0.24634719523628945,-0.00048525708898239373
2055-11-15,-4,2055-11-11,60,89.344099328522475,-0.14838323916013252,0.001022045889399692
2055-11-15,-3,2055-11-12,60,89.344203822044818,-0.22970099704330948,-0.0014676226449239493
2055-11-15,-2,2055-11-13,60,89.342840692922238,-0.2409207167507077,0.0014061447287190276
2055-11-15,-1,2055-11-14,60,89.342883708528376,0.017226047481315732,8.3580889906897937E-06
2055-11-15,0,2055-11-15,60,89.342935082223505,0.069988850491853327,0.00028075316038211895
2055-11-15,1,2055-11-16,61,89.343267209079016,-0.0067749048162113468,-0.00070137647713863771
2055-11-15,2,2055-11-17,61,89.342897959457389,-0.13458073181205066,1.0705757915729919E-06
2055-11-15,3,2055-11-18,61,89.342529780411553,-0.091493252341336984,0.00023502520213014577
2055-11-15,4,2055-11-19,61,89.342396626567847,-0.21043688549220008,-0.0008867711372033682
2055-11-15,5,2055-11-20,61,89.341376701586938,-0.1316816836523671,0.0013183064897503982
2055-11-15,6,2055-11-21,61,89.34167508309578,0.11052573876220606,8.8574686856190965E-06
2055-11-15,7,2055-11-22,61,89.341982322073306,,
2056-05-15,-7,2056-05-08,61,89.266947916641499,,
2056-05-15,-6,2056-05-09,61,89.266524598778275,-0.1493467694389139,2.8297263767740333E-05
2056-05-15,-5,2056-05-10,61,89.26612957817882,-0.14732073817167901,-1.7195722577412198E-05
2056-05-15,-4,2056-05-11,61,89.265717361856787,-0.13478054375362092,8.5909116648963391E-05
2056-05-15,-3,2056-05-12,61,89.265391054651403,-0.28792449254716246,-0.00092505404154508142
2056-05-15,-2,2056-05-13,61,89.264139693404474,-0.22052307944690597,0.0012943768530533362
2056-05-15,-1,2056-05-14,61,89.264182709010598,0.017226047481315732,8.3580890191115031E-06
2056-05-15,0,2056-05-15,61,89.264234082705741,,
